{"cameraMode":{"drawMode":0,"name":"Shaded","section":"Shading Mode"},"sceneLighting":true,"audioPlay":false,"sceneViewState":{"m_AlwaysRefresh":false,"showFog":true,"showSkybox":true,"showFlares":true,"showImageEffects":true,"showParticleSystems":true,"showVisualEffectGraphs":true,"m_FxEnabled":true},"in2DMode":false,"pivot":{"x":-21.935579299926759,"y":2.903766393661499,"z":-4.1197333335876469},"rotation":{"x":0.057456038892269137,"y":-0.00012449297355487943,"z":0.0013372214743867517,"w":-0.9992281198501587},"size":2.5503668785095217,"orthographic":false}