{"cameraMode":{"drawMode":0,"name":"Shaded","section":"Shading Mode"},"sceneLighting":true,"audioPlay":false,"sceneViewState":{"m_AlwaysRefresh":false,"showFog":true,"showSkybox":true,"showFlares":true,"showImageEffects":true,"showParticleSystems":true,"showVisualEffectGraphs":true,"m_FxEnabled":true},"in2DMode":false,"pivot":{"x":-26.865291595458986,"y":1.2526681423187256,"z":3.335660457611084},"rotation":{"x":0.011785784736275673,"y":-0.9313966035842896,"z":0.36427685618400576,"w":0.02684767358005047},"size":0.3934829533100128,"orthographic":false}