{"cameraMode":{"drawMode":0,"name":"Shaded","section":"Shading Mode"},"sceneLighting":true,"audioPlay":false,"sceneViewState":{"m_AlwaysRefresh":false,"showFog":true,"showSkybox":true,"showFlares":true,"showImageEffects":true,"showParticleSystems":true,"showVisualEffectGraphs":true,"m_FxEnabled":true},"in2DMode":false,"pivot":{"x":-121.11846160888672,"y":11.039576530456543,"z":14.100213050842286},"rotation":{"x":-0.18827298283576966,"y":-0.6991994380950928,"z":0.19938014447689057,"w":-0.6606278419494629},"size":1.6095454692840577,"orthographic":false}