{"cameraMode":{"drawMode":0,"name":"Shaded","section":"Shading Mode"},"sceneLighting":true,"audioPlay":false,"sceneViewState":{"m_AlwaysRefresh":false,"showFog":true,"showSkybox":true,"showFlares":true,"showImageEffects":true,"showParticleSystems":true,"showVisualEffectGraphs":true,"m_FxEnabled":true},"in2DMode":false,"pivot":{"x":-19.402000427246095,"y":2.555999755859375,"z":1.87040114402771},"rotation":{"x":-0.15886567533016206,"y":-0.09485825896263123,"z":0.016265321522951127,"w":-0.9832221269607544},"size":0.8660253882408142,"orthographic":false}