{"cameraMode":{"drawMode":0,"name":"Shaded","section":"Shading Mode"},"sceneLighting":false,"audioPlay":false,"sceneViewState":{"m_AlwaysRefresh":false,"showFog":true,"showSkybox":false,"showFlares":true,"showImageEffects":true,"showParticleSystems":true,"showVisualEffectGraphs":true,"m_FxEnabled":true},"in2DMode":false,"pivot":{"x":1.0933160781860352,"y":1.3090744018554688,"z":0.49878835678100588},"rotation":{"x":-0.15205559134483338,"y":-0.0951954573392868,"z":0.01618383266031742,"w":-0.9842073917388916},"size":1.6078482866287232,"orthographic":false}