{"cameraMode":{"drawMode":0,"name":"Shaded","section":"Shading Mode"},"sceneLighting":false,"audioPlay":false,"sceneViewState":{"m_AlwaysRefresh":false,"showFog":true,"showSkybox":false,"showFlares":true,"showImageEffects":true,"showParticleSystems":true,"showVisualEffectGraphs":true,"m_FxEnabled":true},"in2DMode":false,"pivot":{"x":0.3882676661014557,"y":0.14552512764930726,"z":4.982753753662109},"rotation":{"x":0.13098180294036866,"y":-0.8118116855621338,"z":0.1904812455177307,"w":0.5370678901672363},"size":0.12624269723892213,"orthographic":false}