{"cameraMode":{"drawMode":0,"name":"Shaded","section":"Shading Mode"},"sceneLighting":false,"audioPlay":false,"sceneViewState":{"m_AlwaysRefresh":false,"showFog":true,"showSkybox":false,"showFlares":true,"showImageEffects":true,"showParticleSystems":true,"showVisualEffectGraphs":true,"m_FxEnabled":true},"in2DMode":false,"pivot":{"x":-26.267658233642579,"y":58.8513069152832,"z":26.72172737121582},"rotation":{"x":0.05181722715497017,"y":0.32647356390953066,"z":-0.017925210297107698,"w":0.9436382055282593},"size":3.1049678325653078,"orthographic":false}