{"cameraMode":{"drawMode":0,"name":"Shaded","section":"Shading Mode"},"sceneLighting":false,"audioPlay":false,"sceneViewState":{"m_AlwaysRefresh":false,"showFog":true,"showSkybox":false,"showFlares":true,"showImageEffects":true,"showParticleSystems":true,"showVisualEffectGraphs":true,"m_FxEnabled":true},"in2DMode":false,"pivot":{"x":-26.70816993713379,"y":1.367940902709961,"z":2.0883967876434328},"rotation":{"x":0.25741010904312136,"y":0.7295128703117371,"z":-0.5214409232139587,"w":0.36014610528945925},"size":0.07003138214349747,"orthographic":false}