{"cameraMode":{"drawMode":0,"name":"Shaded","section":"Shading Mode"},"sceneLighting":false,"audioPlay":false,"sceneViewState":{"m_AlwaysRefresh":false,"showFog":true,"showSkybox":false,"showFlares":true,"showImageEffects":true,"showParticleSystems":true,"showVisualEffectGraphs":true,"m_FxEnabled":true},"in2DMode":false,"pivot":{"x":-20.296953201293947,"y":1.313732624053955,"z":2.2259602546691896},"rotation":{"x":0.08107594400644303,"y":0.21025969088077546,"z":-0.018190093338489534,"w":0.9746766686439514},"size":1.080886721611023,"orthographic":false}