{"cameraMode":{"drawMode":0,"name":"Shaded","section":"Shading Mode"},"sceneLighting":false,"audioPlay":false,"sceneViewState":{"m_AlwaysRefresh":false,"showFog":true,"showSkybox":false,"showFlares":true,"showImageEffects":true,"showParticleSystems":true,"showVisualEffectGraphs":true,"m_FxEnabled":true},"in2DMode":false,"pivot":{"x":0.33000075817108157,"y":15.914254188537598,"z":20.766094207763673},"rotation":{"x":-0.019606102257966996,"y":0.6111271977424622,"z":0.015298350714147091,"w":0.7915999889373779},"size":1.9325909614562989,"orthographic":false}