{"cameraMode":{"drawMode":0,"name":"Shaded","section":"Shading Mode"},"sceneLighting":false,"audioPlay":false,"sceneViewState":{"m_AlwaysRefresh":false,"showFog":true,"showSkybox":false,"showFlares":true,"showImageEffects":true,"showParticleSystems":true,"showVisualEffectGraphs":true,"m_FxEnabled":true},"in2DMode":false,"pivot":{"x":0.5063111782073975,"y":1.1192395687103272,"z":0.02996128797531128},"rotation":{"x":0.04944310709834099,"y":-0.7519471049308777,"z":0.05688506364822388,"w":0.6552022099494934},"size":1.394735336303711,"orthographic":false}