{"cameraMode":{"drawMode":0,"name":"Shaded","section":"Shading Mode"},"sceneLighting":false,"audioPlay":false,"sceneViewState":{"m_AlwaysRefresh":false,"showFog":true,"showSkybox":false,"showFlares":true,"showImageEffects":true,"showParticleSystems":true,"showVisualEffectGraphs":true,"m_FxEnabled":true},"in2DMode":false,"pivot":{"x":-100.89144897460938,"y":3.8331661224365236,"z":19.584781646728517},"rotation":{"x":-0.019606102257966996,"y":0.6111271977424622,"z":0.015298350714147091,"w":0.7915999889373779},"size":2.169689416885376,"orthographic":false}