{"cameraMode":{"drawMode":0,"name":"Shaded","section":"Shading Mode"},"sceneLighting":false,"audioPlay":false,"sceneViewState":{"m_AlwaysRefresh":false,"showFog":true,"showSkybox":false,"showFlares":true,"showImageEffects":true,"showParticleSystems":true,"showVisualEffectGraphs":true,"m_FxEnabled":true},"in2DMode":false,"pivot":{"x":0.0014081001281738282,"y":-0.000006198883056640625,"z":51.499473571777347},"rotation":{"x":0.2337360680103302,"y":0.7027941346168518,"z":-0.2657785415649414,"w":0.6173738241195679},"size":43.18135070800781,"orthographic":false}