{"cameraMode":{"drawMode":0,"name":"Shaded","section":"Shading Mode"},"sceneLighting":false,"audioPlay":false,"sceneViewState":{"m_AlwaysRefresh":false,"showFog":true,"showSkybox":false,"showFlares":true,"showImageEffects":true,"showParticleSystems":true,"showVisualEffectGraphs":true,"m_FxEnabled":true},"in2DMode":false,"pivot":{"x":0.33000075817108157,"y":-0.6257465481758118,"z":20.766094207763673},"rotation":{"x":-0.009488442912697792,"y":0.7167624831199646,"z":0.009915269911289215,"w":0.6977020502090454},"size":2.5167365074157717,"orthographic":false}