{"cameraMode":{"drawMode":0,"name":"Shaded","section":"Shading Mode"},"sceneLighting":false,"audioPlay":false,"sceneViewState":{"m_AlwaysRefresh":false,"showFog":true,"showSkybox":false,"showFlares":true,"showImageEffects":true,"showParticleSystems":true,"showVisualEffectGraphs":true,"m_FxEnabled":true},"in2DMode":false,"pivot":{"x":-37.099998474121097,"y":1.211254358291626,"z":-0.9239047765731812},"rotation":{"x":-0.019606102257966996,"y":0.6111271977424622,"z":0.015298350714147091,"w":0.7915999889373779},"size":1.9325910806655884,"orthographic":false}