{"cameraMode":{"drawMode":0,"name":"Shaded","section":"Shading Mode"},"sceneLighting":false,"audioPlay":false,"sceneViewState":{"m_AlwaysRefresh":false,"showFog":true,"showSkybox":false,"showFlares":true,"showImageEffects":true,"showParticleSystems":true,"showVisualEffectGraphs":true,"m_FxEnabled":true},"in2DMode":false,"pivot":{"x":-0.0713377296924591,"y":0.4650307297706604,"z":0.04577821493148804},"rotation":{"x":0.005767462775111198,"y":-0.9933384656906128,"z":0.05195235088467598,"w":0.10495266318321228},"size":0.7948057055473328,"orthographic":false}