{"cameraMode":{"drawMode":0,"name":"Shaded","section":"Shading Mode"},"sceneLighting":false,"audioPlay":false,"sceneViewState":{"m_AlwaysRefresh":false,"showFog":true,"showSkybox":false,"showFlares":true,"showImageEffects":true,"showParticleSystems":true,"showVisualEffectGraphs":true,"m_FxEnabled":true},"in2DMode":false,"pivot":{"x":2.384185791015625e-7,"y":1.2812979221343995,"z":0.035259783267974856},"rotation":{"x":0.01350078359246254,"y":-0.9499489068984985,"z":-0.041465334594249728,"w":-0.309680312871933},"size":2.2303671836853029,"orthographic":false}